sample_id,lane,read,trim_length,file_id
469176-GCTATCCToAACAGGTG,8,2,7,file-J6b10zj0P6fjzY7P17Bb98V1
469180-TACGCTACoCGTGTGAT,1,2,7,file-J6b10zj0P6fjyVKX4QzX4XVz
469180-TACGCTACoCGTGTGAT,2,2,7,file-J6b10zj0P6fjzY7P17Bb98V3
469180-TACGCTACoCGTGTGAT,3,2,7,file-J6b10zj0P6fjzY7P17Bb98V5
469180-TACGCTACoCGTGTGAT,4,2,7,file-J6b11000P6fyp9xfZJZVP6FZ
469180-TACGCTACoCGTGTGAT,5,2,7,file-J6b11000P6fyp9xfZJZVP6Ff
469180-TACGCTACoCGTGTGAT,6,2,7,file-J6b11000P6fX3jvbXJJppBFP
469180-TACGCTACoCGTGTGAT,7,2,7,file-J6b11000P6fyp9xfZJZVP6Fp
469180-TACGCTACoCGTGTGAT,8,2,7,file-J6b11000P6fjyVKX4QzX4XX1
469184-TGGACTCToTCTTACGG,1,2,7,file-J6b11000P6fyp9xfZJZVP6Fx
469184-TGGACTCToTCTTACGG,2,2,7,file-J6b11000P6fX3jvbXJJppBFY
469184-TGGACTCToTCTTACGG,3,2,7,file-J6b11000P6fX3jvbXJJppBFb
469184-TGGACTCToTCTTACGG,4,2,7,file-J6b11000P6fyp9xfZJZVP6G1
469184-TGGACTCToTCTTACGG,5,2,7,file-J6b11000P6fvXFkvpYf3FpPP
469184-TGGACTCToTCTTACGG,6,2,7,file-J6b11000P6fX3jvbXJJppBFg
469184-TGGACTCToTCTTACGG,7,2,7,file-J6b11000P6fvXFkvpYf3FpPV
469184-TGGACTCToTCTTACGG,8,2,7,file-J6b11000P6fjyVKX4QzX4XX5
469188-AGAGTAGCoAAGGCGTA,1,2,7,file-J6b11080P6fjyVKX4QzX4XX7
469188-AGAGTAGCoAAGGCGTA,2,2,7,file-J6b11080P6fjzY7P17Bb98V8
469188-AGAGTAGCoAAGGCGTA,3,2,7,file-J6b11080P6fyp9xfZJZVP6G4
469176-GCTATCCToAACAGGTG,1,2,7,file-J6b10zj0P6fX3jvbXJJppBF7
469176-GCTATCCToAACAGGTG,2,2,7,file-J6b10zj0P6fjzY7P17Bb98Qz
469176-GCTATCCToAACAGGTG,3,2,7,file-J6b10zj0P6fX3jvbXJJppBF9
469176-GCTATCCToAACAGGTG,4,2,7,file-J6b10zj0P6fyp9xfZJZVP6FX
469176-GCTATCCToAACAGGTG,5,2,7,file-J6b10zj0P6fvXFkvpYf3FpP9
469176-GCTATCCToAACAGGTG,6,2,7,file-J6b10zj0P6fvXFkvpYf3FpPF
469176-GCTATCCToAACAGGTG,7,2,7,file-J6b10zj0P6fX3jvbXJJppBFF
469196-GACGATCToTCGTGCAT,5,1,7,file-J6b0PB00P6fV0QxVp88gBBXp
469196-GACGATCToTCGTGCAT,6,1,7,file-J6b0PB00P6fV0QxVp88gBBXv
469196-GACGATCToTCGTGCAT,7,1,7,file-J6b0PB00P6fb7G4232K38g3b
469196-GACGATCToTCGTGCAT,8,1,7,file-J6b0PB00P6fb7G4232K38g3g
469200-AACTGAGCoCAATCAGG,1,1,7,file-J6b0PB00P6fXp2JqP76Pj8Yg
469200-AACTGAGCoCAATCAGG,2,1,7,file-J6b0PB00P6fb7G4232K38g3k
469200-AACTGAGCoCAATCAGG,3,1,7,file-J6b0PB00P6fpVX7BKP2VjGkX
469200-AACTGAGCoCAATCAGG,4,1,7,file-J6b0PB00P6fpVX7BKP2VjGkZ
469200-AACTGAGCoCAATCAGG,5,1,7,file-J6b0PB00P6fXp2JqP76Pj8Yx
469200-AACTGAGCoCAATCAGG,6,1,7,file-J6b0PB80P6fkXJZ59ZGJzkGQ
469200-AACTGAGCoCAATCAGG,7,1,7,file-J6b0PB80P6fb7G4232K38g3x
469200-AACTGAGCoCAATCAGG,8,1,7,file-J6b0PB80P6fb7G4232K38g3z
469208-CTTAGGACoACTCCTAC,1,1,7,file-J6b0PB80P6fV0QxVp88gBBY0
469208-CTTAGGACoACTCCTAC,2,1,7,file-J6b0PB80P6fXp2JqP76Pj8Z3
469208-CTTAGGACoACTCCTAC,3,1,7,file-J6b0PB80P6fkXJZ59ZGJzkGb
469208-CTTAGGACoACTCCTAC,4,1,7,file-J6b0PB80P6fkXJZ59ZGJzkGx
469208-CTTAGGACoACTCCTAC,5,1,7,file-J6b0PB80P6fpVX7BKP2VjGkg
469192-ATCCAGAGoTAACGTCG,3,1,7,file-J6b0P9j0P6fXkV50VKkGf50X
469192-ATCCAGAGoTAACGTCG,4,1,7,file-J6b0P9j0P6fz9kvPGvbVjYbv
469192-ATCCAGAGoTAACGTCG,5,1,7,file-J6b0P9j0P6fQxXgKfJ5V6Y7p
469192-ATCCAGAGoTAACGTCG,6,1,7,file-J6b0P9j0P6fXp2JqP76Pj8YJ
469192-ATCCAGAGoTAACGTCG,7,1,7,file-J6b0P9j0P6fb7G4232K38g3Q
469192-ATCCAGAGoTAACGTCG,8,1,7,file-J6b0P9j0P6fb7G4232K38g3X
469196-GACGATCToTCGTGCAT,1,1,7,file-J6b0P9j0P6fXp2JqP76Pj8YQ
469196-GACGATCToTCGTGCAT,2,1,7,file-J6b0P9j0P6fXp2JqP76Pj8YX
469196-GACGATCToTCGTGCAT,3,1,7,file-J6b0P9j0P6fV0QxVp88gBBXj
469196-GACGATCToTCGTGCAT,4,1,7,file-J6b0P9j0P6fkXJZ59ZGJzkGG
469220-TCGCTGTToCAAGTCGT,7,1,7,file-J6b0PF00P6fV0QxVp88gBBZq
469220-TCGCTGTToCAAGTCGT,8,1,7,file-J6b0PF00P6fV0QxVp88gBBZx
469212-GTGCCATAoCTCCTAGT,1,1,7,file-J6b0PBQ0P6fV0QxVp88gBBY5
469212-GTGCCATAoCTCCTAGT,2,1,7,file-J6b0PBQ0P6fV0QxVp88gBBY7
469212-GTGCCATAoCTCCTAGT,3,1,7,file-J6b0PBQ0P6fb7G4232K38g42
469212-GTGCCATAoCTCCTAGT,4,1,7,file-J6b0PBQ0P6fXp2JqP76Pj8Z7
469212-GTGCCATAoCTCCTAGT,5,1,7,file-J6b0PBQ0P6fkXJZ59ZGJzkJ0
469212-GTGCCATAoCTCCTAGT,6,1,7,file-J6b0PBQ0P6fV0QxVp88gBBY9
469212-GTGCCATAoCTCCTAGT,7,1,7,file-J6b0PBQ0P6fpVX7BKP2VjJk3
469212-GTGCCATAoCTCCTAGT,8,1,7,file-J6b0PBj0P6fkXJZ59ZGJzkJ2
469216-GAATCCGAoAGCTAGTG,1,1,7,file-J6b0PBj0P6fXp2JqP76Pj8Z9
469216-GAATCCGAoAGCTAGTG,2,1,7,file-J6b0PBj0P6fpVX7BKP2VjJk6
469216-GAATCCGAoAGCTAGTG,3,1,7,file-J6b0PBj0P6fkXJZ59ZGJzkJ4
469216-GAATCCGAoAGCTAGTG,4,1,7,file-J6b0PBj0P6fV0QxVp88gBBZb
469216-GAATCCGAoAGCTAGTG,5,1,7,file-J6b0PBj0P6fb7G4232K38g46
469216-GAATCCGAoAGCTAGTG,6,1,7,file-J6b0PBj0P6fkXJZ59ZGJzkJ6
469216-GAATCCGAoAGCTAGTG,7,1,7,file-J6b0PBj0P6fXp2JqP76Pj8ZF
469216-GAATCCGAoAGCTAGTG,8,1,7,file-J6b0PBj0P6fb7G4232K38g48
469220-TCGCTGTToCAAGTCGT,1,1,7,file-J6b0PBj0P6fpVX7BKP2VjKjQ
469220-TCGCTGTToCAAGTCGT,2,1,7,file-J6b0PBj0P6fV0QxVp88gBBZg
469220-TCGCTGTToCAAGTCGT,3,1,7,file-J6b0PBj0P6fkXJZ59ZGJzkJ8
469220-TCGCTGTToCAAGTCGT,4,1,7,file-J6b0PF00P6fpVX7BKP2VjKjX
469220-TCGCTGTToCAAGTCGT,5,1,7,file-J6b0PF00P6fV0QxVp88gBBZk
469220-TCGCTGTToCAAGTCGT,6,1,7,file-J6b0PF00P6fb7G4232K38g4B
469208-CTTAGGACoACTCCTAC,6,1,7,file-J6b0PB80P6fpVX7BKP2VjGkk
469208-CTTAGGACoACTCCTAC,7,1,7,file-J6b0PBQ0P6fXp2JqP76Pj8Z5
469208-CTTAGGACoACTCCTAC,8,1,7,file-J6b0PBQ0P6fV0QxVp88gBBY3
469176-GCTATCCToAACAGGTG,1,1,7,file-J6b0P900P6fz9kvPGvbVjYbQ
469176-GCTATCCToAACAGGTG,2,1,7,file-J6b0P900P6fXkV50VKkGf507
469176-GCTATCCToAACAGGTG,3,1,7,file-J6b0P900P6fYJFQF8QyjgGbg
469176-GCTATCCToAACAGGTG,4,1,7,file-J6b0P900P6fYJFQF8QyjgGbk
469176-GCTATCCToAACAGGTG,5,1,7,file-J6b0P900P6fbjJz7zZZ83627
469176-GCTATCCToAACAGGTG,6,1,7,file-J6b0P900P6fbjJz7zZZ83629
469176-GCTATCCToAACAGGTG,7,1,7,file-J6b0P900P6fYJFQF8QyjgGbq
469212-GTGCCATAoCTCCTAGT,4,2,7,file-J6b11100P6fvXFkvpYf3FpQ5
469212-GTGCCATAoCTCCTAGT,5,2,7,file-J6b11100P6fX3jvbXJJppBG8
469212-GTGCCATAoCTCCTAGT,6,2,7,file-J6b11100P6fjzY7P17Bb98Vk
469212-GTGCCATAoCTCCTAGT,7,2,7,file-J6b11100P6fyp9xfZJZVP6Gx
469212-GTGCCATAoCTCCTAGT,8,2,7,file-J6b11100P6fyp9xfZJZVP6Gz
469216-GAATCCGAoAGCTAGTG,1,2,7,file-J6b11100P6fvXFkvpYf3FpQ7
469216-GAATCCGAoAGCTAGTG,2,2,7,file-J6b11100P6fjyVKX4QzX4XY9
469216-GAATCCGAoAGCTAGTG,3,2,7,file-J6b11100P6fjyVKX4QzX4XYF
469216-GAATCCGAoAGCTAGTG,4,2,7,file-J6b11100P6fvXFkvpYf3FpQ9
469216-GAATCCGAoAGCTAGTG,5,2,7,file-J6b11100P6fjzY7P17Bb98Vq
469216-GAATCCGAoAGCTAGTG,6,2,7,file-J6b11100P6fvXFkvpYf3FpQF
469216-GAATCCGAoAGCTAGTG,7,2,7,file-J6b11180P6fvXFkvpYf3FpQJ
469216-GAATCCGAoAGCTAGTG,8,2,7,file-J6b11180P6fX3jvbXJJppBGB
469220-TCGCTGTToCAAGTCGT,1,2,7,file-J6b11180P6fX3jvbXJJppBGG
469200-AACTGAGCoCAATCAGG,7,2,7,file-J6b110j0P6fyp9xfZJZVP6Gq
469200-AACTGAGCoCAATCAGG,8,2,7,file-J6b110j0P6fjyVKX4QzX4XY1
469208-CTTAGGACoACTCCTAC,1,2,7,file-J6b110j0P6fvXFkvpYf3FpPx
469208-CTTAGGACoACTCCTAC,2,2,7,file-J6b110j0P6fjyVKX4QzX4XY3
469208-CTTAGGACoACTCCTAC,3,2,7,file-J6b110j0P6fvXFkvpYf3FpPz
469208-CTTAGGACoACTCCTAC,4,2,7,file-J6b110j0P6fjzY7P17Bb98Vb
469208-CTTAGGACoACTCCTAC,5,2,7,file-J6b110j0P6fjyVKX4QzX4XY5
469208-CTTAGGACoACTCCTAC,6,2,7,file-J6b110j0P6fvXFkvpYf3FpQ1
469208-CTTAGGACoACTCCTAC,7,2,7,file-J6b110j0P6fX3jvbXJJppBG4
469208-CTTAGGACoACTCCTAC,8,2,7,file-J6b110j0P6fjyVKX4QzX4XY7
469212-GTGCCATAoCTCCTAGT,1,2,7,file-J6b11100P6fX3jvbXJJppBG6
469212-GTGCCATAoCTCCTAGT,2,2,7,file-J6b11100P6fvXFkvpYf3FpQ3
469212-GTGCCATAoCTCCTAGT,3,2,7,file-J6b11100P6fjzY7P17Bb98Vg
Undetermined,8,1,7,file-J6b0GZQ0P6fYJFQF8QyjgFY3
Undetermined,8,2,7,file-J6b0GZQ0P6fQxXgKfJ5V6XYk
Undetermined,2,2,7,file-J6b0GZ80P6fYJFQF8QyjgFXg
Undetermined,3,1,7,file-J6b0GZ80P6fz9kvPGvbVjY63
Undetermined,3,2,7,file-J6b0GZ80P6fYJFQF8QyjgFXk
Undetermined,4,1,7,file-J6b0GZ80P6fYJFQF8QyjgFXq
Undetermined,4,2,7,file-J6b0GZ80P6fz9kvPGvbVjY65
Undetermined,5,1,7,file-J6b0GZ80P6fbjJz7zZZ835Yv
Undetermined,5,2,7,file-J6b0GZ80P6fQxXgKfJ5V6XYb
Undetermined,6,1,7,file-J6b0GZQ0P6fbjJz7zZZ835Yy
Undetermined,6,2,7,file-J6b0GZQ0P6fz9kvPGvbVjY67
Undetermined,7,1,7,file-J6b0GZQ0P6fXkV50VKkGf4Kk
Undetermined,7,2,7,file-J6b0GZQ0P6fYJFQF8QyjgFY1
469220-TCGCTGTToCAAGTCGT,5,2,7,file-J6b11180P6fjzY7P17Bb98Vx
469220-TCGCTGTToCAAGTCGT,6,2,7,file-J6b11180P6fvXFkvpYf3FpQY
469220-TCGCTGTToCAAGTCGT,7,2,7,file-J6b11180P6fyp9xfZJZVP6J3
469220-TCGCTGTToCAAGTCGT,8,2,7,file-J6b11180P6fX3jvbXJJppBGK
Undetermined,1,1,7,file-J6b0GZ80P6fQxXgKfJ5V6XYX
Undetermined,1,2,7,file-J6b0GZ80P6fYJFQF8QyjgFXb
Undetermined,2,1,7,file-J6b0GZ80P6fz9kvPGvbVjY61
469220-TCGCTGTToCAAGTCGT,2,2,7,file-J6b11180P6fvXFkvpYf3FpQP
469220-TCGCTGTToCAAGTCGT,3,2,7,file-J6b11180P6fyp9xfZJZVP6J1
469220-TCGCTGTToCAAGTCGT,4,2,7,file-J6b11180P6fvXFkvpYf3FpQV
469200-AACTGAGCoCAATCAGG,3,2,7,file-J6b110j0P6fjzY7P17Bb98VY
469200-AACTGAGCoCAATCAGG,4,2,7,file-J6b110j0P6fyp9xfZJZVP6Gb
469200-AACTGAGCoCAATCAGG,5,2,7,file-J6b110j0P6fyp9xfZJZVP6Gg
469200-AACTGAGCoCAATCAGG,6,2,7,file-J6b110j0P6fvXFkvpYf3FpPq
469188-AGAGTAGCoAAGGCGTA,8,2,7,file-J6b11080P6fvXFkvpYf3FpPb
469192-ATCCAGAGoTAACGTCG,1,2,7,file-J6b11080P6fvXFkvpYf3FpPg
469192-ATCCAGAGoTAACGTCG,2,2,7,file-J6b11080P6fyp9xfZJZVP6GJ
469192-ATCCAGAGoTAACGTCG,3,2,7,file-J6b11080P6fjyVKX4QzX4XXP
469192-ATCCAGAGoTAACGTCG,4,2,7,file-J6b11080P6fjzY7P17Bb98VF
469192-ATCCAGAGoTAACGTCG,5,2,7,file-J6b11080P6fjyVKX4QzX4XXV
469192-ATCCAGAGoTAACGTCG,6,2,7,file-J6b110Q0P6fjzY7P17Bb98VP
469192-ATCCAGAGoTAACGTCG,7,2,7,file-J6b110Q0P6fX3jvbXJJppBFy
469192-ATCCAGAGoTAACGTCG,8,2,7,file-J6b110Q0P6fvXFkvpYf3FpPk
469196-GACGATCToTCGTGCAT,1,2,7,file-J6b110Q0P6fjyVKX4QzX4XXg
469196-GACGATCToTCGTGCAT,2,2,7,file-J6b110Q0P6fjyVKX4QzX4XXk
469196-GACGATCToTCGTGCAT,3,2,7,file-J6b110Q0P6fjzY7P17Bb98VV
469196-GACGATCToTCGTGCAT,4,2,7,file-J6b110Q0P6fyp9xfZJZVP6GP
469196-GACGATCToTCGTGCAT,5,2,7,file-J6b110Q0P6fjyVKX4QzX4XXq
469196-GACGATCToTCGTGCAT,6,2,7,file-J6b110Q0P6fjyVKX4QzX4XXx
469196-GACGATCToTCGTGCAT,7,2,7,file-J6b110Q0P6fjyVKX4QzX4XXz
469196-GACGATCToTCGTGCAT,8,2,7,file-J6b110Q0P6fyp9xfZJZVP6GV
469200-AACTGAGCoCAATCAGG,1,2,7,file-J6b110Q0P6fX3jvbXJJppBG0
469200-AACTGAGCoCAATCAGG,2,2,7,file-J6b110Q0P6fX3jvbXJJppBG2
469188-AGAGTAGCoAAGGCGTA,4,2,7,file-J6b11080P6fyp9xfZJZVP6G6
469188-AGAGTAGCoAAGGCGTA,5,2,7,file-J6b11080P6fjyVKX4QzX4XXF
469188-AGAGTAGCoAAGGCGTA,6,2,7,file-J6b11080P6fjyVKX4QzX4XXJ
469188-AGAGTAGCoAAGGCGTA,7,2,7,file-J6b11080P6fyp9xfZJZVP6GB
469188-AGAGTAGCoAAGGCGTA,4,1,7,file-J6b0P9Q0P6fz9kvPGvbVjYbf
469188-AGAGTAGCoAAGGCGTA,5,1,7,file-J6b0P9Q0P6fz9kvPGvbVjYbj
469188-AGAGTAGCoAAGGCGTA,6,1,7,file-J6b0P9Q0P6fz9kvPGvbVjYbp
469188-AGAGTAGCoAAGGCGTA,7,1,7,file-J6b0P9Q0P6fQxXgKfJ5V6Y7Z
469188-AGAGTAGCoAAGGCGTA,8,1,7,file-J6b0P9j0P6fQxXgKfJ5V6Y7f
469192-ATCCAGAGoTAACGTCG,1,1,7,file-J6b0P9j0P6fQxXgKfJ5V6Y7j
469192-ATCCAGAGoTAACGTCG,2,1,7,file-J6b0P9j0P6fYJFQF8QyjgGfG
469180-TACGCTACoCGTGTGAT,2,1,7,file-J6b0P980P6fz9kvPGvbVjYbX
469180-TACGCTACoCGTGTGAT,3,1,7,file-J6b0P980P6fXkV50VKkGf509
469180-TACGCTACoCGTGTGAT,4,1,7,file-J6b0P980P6fYJFQF8QyjgGbx
469180-TACGCTACoCGTGTGAT,5,1,7,file-J6b0P980P6fQxXgKfJ5V6Y7K
469180-TACGCTACoCGTGTGAT,6,1,7,file-J6b0P980P6fz9kvPGvbVjYbZ
469180-TACGCTACoCGTGTGAT,7,1,7,file-J6b0P980P6fbjJz7zZZ8362J
469180-TACGCTACoCGTGTGAT,8,1,7,file-J6b0P980P6fYJFQF8QyjgGbz
469184-TGGACTCToTCTTACGG,1,1,7,file-J6b0P980P6fQxXgKfJ5V6Y7Q
469184-TGGACTCToTCTTACGG,2,1,7,file-J6b0P980P6fYJFQF8QyjgGf1
469184-TGGACTCToTCTTACGG,3,1,7,file-J6b0P9Q0P6fYJFQF8QyjgGf3
469184-TGGACTCToTCTTACGG,4,1,7,file-J6b0P9Q0P6fXkV50VKkGf50G
469184-TGGACTCToTCTTACGG,5,1,7,file-J6b0P9Q0P6fYJFQF8QyjgGf5
469184-TGGACTCToTCTTACGG,6,1,7,file-J6b0P9Q0P6fXkV50VKkGf50K
469184-TGGACTCToTCTTACGG,7,1,7,file-J6b0P9Q0P6fXkV50VKkGf50Q
469184-TGGACTCToTCTTACGG,8,1,7,file-J6b0P9Q0P6fYJFQF8QyjgGf7
469188-AGAGTAGCoAAGGCGTA,1,1,7,file-J6b0P9Q0P6fYJFQF8QyjgGf9
469188-AGAGTAGCoAAGGCGTA,2,1,7,file-J6b0P9Q0P6fbjJz7zZZ8362Q
469188-AGAGTAGCoAAGGCGTA,3,1,7,file-J6b0P9Q0P6fQxXgKfJ5V6Y7X
469176-GCTATCCToAACAGGTG,8,1,7,file-J6b0P900P6fQxXgKfJ5V6Y7G
469180-TACGCTACoCGTGTGAT,1,1,7,file-J6b0P900P6fbjJz7zZZ8362F
